Region,Facility Name,Tier
Ashanti,Peace And Love Hospital,2
Ashanti,Todah Hospital,2
Ashanti,Asokwa Chilren'S Hospital,2
Ashanti,Fankyebebra Hospital,2
Ashanti,Michmit Hospital,2
Ashanti,Sabs Hospital,2
Ashanti,Sarfo Adu Memorial Hospital,2
Ashanti,City Hospital,2
Ashanti,Ayush Memorial Hospital Ltd,2
Ashanti,Royal Place Hospital,2
Ashanti,Asafo Agyei Hospital,2
Ashanti,First Royal Specialist Hospital,2
Ashanti,Garden City Hospital,2
Ashanti,Paks Hospital (Kronum),2
Ashanti,Anan Hospital Limited,2
Ashanti,St. Anne'S Hospital,2
Ashanti,Marboah Hospital,2
Ashanti,Mount Sinai Mission Hospital,2
Ashanti,True Vine Hospital,2
Ashanti,Dosonec Hospital Limited,2
Ashanti,Yentumi Boaitey Memorial Hospital,2
Ashanti,Ahmadiya Muslim Hospital Asokore,2
Ashanti,Ahmadiya Muslim Hospital Kokofu,2
Ashanti,Stewards Hospital And Mortuary,2
Ashanti,Afari Community Hospital Limited,2
Ashanti,Abuohia Tophill Hospital,2
Ashanti,Siloam Hospital,2
Ashanti,Saviour Community Hospital ( Bonwire),2
Ashanti,Knust Hospital,2
Ashanti,True Vine Hospital,2
Ashanti,Maranatha Hospital,2
Ashanti,Mater Dei Hospital,2
Ashanti,Neighbourhood Hospital Limited,2
Ashanti,Dr Osei Hospital,2
Ashanti,Pima Hospital Limited,2
Ashanti,St Theresa'S Specialist Hospital,2
Ashanti,Amanfrom Hospital,2
Ashanti,Anglogold Ashanti Hospital,2
Ashanti,Family Care Hospital,2
Ashanti,Asuoyeboa Hospital,2
Ashanti,Asafo Boakye Hospital,2
Ashanti,Atwima Maakro Hospital,2
Ashanti,Cedar Crest Hospital,2
Ashanti,First Care Hospital,2
Ashanti,Millennium Charity Hospital,2
Ashanti,Poku Transport Hospital Limited,2
Ashanti,Living Waters Hospital,2
Ashanti,First Klass Hospital,2
Ashanti,Legacy Hospital,2
Ashanti,Lennert Osei Adu Hospital,2
Ashanti,Krobo Charity Hospital,2
Ashanti,County Hospital,2
Ashanti,S D A Hospital Kwadaso,2
Ashanti,Graceland Specialist Hospital,2
Ashanti,Christ The King Hospital,2
Ashanti,Dakopon Hospital,2
Ashanti,Divine Grace Hospital,2
Ashanti,St Lukes Hospital - Kasei,2
Ashanti,St Jude Hospital Limited,2
Ashanti,Obuasi Ridge Hospital,2
Ashanti,Siaw - Larbi Hospital,2
Ashanti,South Patasi Hospital - Patasi,2
Ashanti,Royal Ash Hospital,2
Ashanti,Tanoso Community Hospital,2
Ashanti,Trinity Hospital,2
Ashanti,St Theresa'S Specialist Hospital,2
Ashanti,Victory Hospital,2
Ashanti,True Vine Hospital,2
Ashanti,Zion Praise Hospital,2
Ashanti,Wisdom Specialist Hospital,2
Ashanti,Tiwaah Memorial Hospital,2
Ashanti,St Benedict Specialist Hospital,2
Ashanti,Nobewam Seventh Adventist Hospital,2
Ashanti,Buokrom Community Hospital,2
Ashanti,Global Evangelical Mission Hospital,2
Ashanti,Sda Hospital Namong,2
Ashanti,Sda Hospital Wiamoase,2
Ashanti,Seventh Day Adventist Hospital Asamang,2
Ashanti,S.D.A Hospital Kumasi,2
Ashanti,Army Salvation Hospital,2
Ashanti,Evakab Hospital,2
Ashanti,St Micheal'S Catholic Hospital,2
Ashanti,Ruma Fertility And Specialist Hospital,2
Ashanti,Church Of God Mission Hospital,2
Ashanti,St Patrick'S Hospital,2
Ashanti,Abrafi Memorial Hospital,2
Ashanti,Royal Care Hospital,2
Ashanti,Powerhouse Hospital,2
Ashanti,Dabaa Hope Hospital,2
Ashanti,Madonnah Maternity Home And Clinic,3
Ashanti,Twunewaa Maternity Home,3
Ashanti,Ama Dansowaah Maternity Home (Annex),3
Ashanti,Sanford World Clinic (Ashanti),3
Ashanti,Paradise Maternity Home (Annex),3
Ashanti,Liberty Maternity Home,3
Ashanti,Adab - Sab Maternity Home,3
Ashanti,Bonkosso Outreach Maternity Home,3
Ashanti,God First Cllinic Maternity Home,3
Ashanti,St. Anthony'S Ann'S Maternity Home,3
Ashanti,Dreamland Community Clinic,3
Ashanti,Garden City University College Clinic,3
Ashanti,My Paradise Clinic And Maternity Home,3
Ashanti,Jomo Medical Centre,3
Ashanti,Dreamland Community Clinic,3
Ashanti,Erica Maternity Home,3
Ashanti,S.D.A Clinic Apaah,3
Ashanti,Humble Excellence & Maternity Home,3
Ashanti,Rev. Walker Medical Centre,3
Ashanti,Queen Victoria'S Maternity Home,3
Ashanti,The Word Maternity Home,3
Ashanti,St Ann'S Maternity Home,3
Ashanti,Vanessa Pokuah Adjei Memorial Clinic,3
Ashanti,God Is Able Maternity Home,3
Ashanti,African Diaspora Clinic,3
Ashanti,Royal Medical Agency Clinic (Annex),3
Ashanti,Happy Maternity Home,3
Ashanti,Multitech Medical Centre,3
Ashanti,Joy Maternity Home,3
Ashanti,Saint De-Graft Clinic,3
Ashanti,Divine Destiny Medical Centre,3
Ashanti,St Anthony'S Maternity Home,3
Ashanti,Stadium Clinic,3
Ashanti,All Souls Hospital And Lab Centre Limited,3
Ashanti,Erica Maternity Home,3
Ashanti,St. Cecilia Maternity Home,3
Ashanti,Nkontwima Clinic,3
Ashanti,Asbury Hospital And Fertility Centre,3
Ashanti,New Life Maternity Home,3
Ashanti,Believers Maternity Home,3
Ashanti,Histolab Diagnostic Centre,3
Ashanti,Rose Maternity Home,3
Ashanti,St Joseph Clinic & Maternity Home,3
Ashanti,Kaachire Clinic,3
Ashanti,Ampomah Memorial Maternity Home,3
Ashanti,St Roses Maternity Home,3
Ashanti,Hill Top Maternity Home,3
Ashanti,Maame - Ser Maternity Home,3
Ashanti,St Lukes Health Centre,3
Ashanti,Savoiur Community Clinic,3
Ashanti,St Edwards Clinic,3
Ashanti,St Edwards Clinic Dwinyama,3
Ashanti,St Cecilia Maternity Home,3
Ashanti,Discovery Dianostic Centre,3
Ashanti,S.D.A Clinic Anyinasuso,3
Ashanti,Hope Exchange Medical Centre,3
Ashanti,Kama Clinic Adum,3
Ashanti,Bramuo Medical Centre,3
Ashanti,Ama Nyame Memorial Medical Centre,3
Ashanti,Amansie Clinic,3
Ashanti,Adum Clinic,3
Ashanti,Anane - Aya Clinic,3
Ashanti,Ampabanie Clinic,3
Ashanti,Allen Clinic Eye - Field,3
Ashanti,Travellers Trinity Clinic,3
Ashanti,Emmanuel Maternity Home,3
Ashanti,Eye Adom Maternity,3
Ashanti,Anidaso Clinic,3
Ashanti,Antwi'S Maternity Home,3
Ashanti,Anwiam Clinic,3
Ashanti,Anwaiam Clinic,3
Ashanti,City Centre Clinic,3
Ashanti,Boakye Dankwa Memorial Clinic,3
Ashanti,Chariy Eye Centre,3
Ashanti,Christaa Clinic,3
Ashanti,Christ Our Hope Maternity Home,3
Ashanti,Anglican Eye Clinic,3
Ashanti,Westend Clinic / Hospital,3
Ashanti,Anniwah Medical Centre,3
Ashanti,Aseda Clinic,3
Ashanti,Allen Urological & Medical Clinic,3
Ashanti,Atasemanso Clinic,3
Ashanti,Emmahata Health Clinic & Maternity Home,3
Ashanti,Ppag Clinic Suame,3
Ashanti,Benito Menni Health Centre,3
Ashanti,Gladys Maternity Home,3
Ashanti,Gladys Owusu Maternity Home,3
Ashanti,Gods Glory Clinic,3
Ashanti,Mamie Maternity Home,3
Ashanti,Mama Tina'S Maternity Home,3
Ashanti,Maba Clinic,3
Ashanti,Kwesamkof Clinic,3
Ashanti,Jetoa Maternity,3
Ashanti,Humble Maternity Home,3
Ashanti,Healthy Care Medical Centre,3
Ashanti,Graceland Clinic,3
Ashanti,God'S Grace Maternity Home,3
Ashanti,Prima Medical Centre,3
Ashanti,Afua Kobi Maternity Home,3
Ashanti,Comfap Maternity Home,3
Ashanti,Calvary Maternity Home,3
Ashanti,Kumaning Medical Centre,3
Ashanti,Mary Maternity Home,3
Ashanti,Marben Maternity Home,3
Ashanti,Marben Maternity Home,3
Ashanti,Living Waters Maternity Home,3
Ashanti,Bethel Maternity Home,3
Ashanti,Faith Maternity Home,3
Ashanti,Dora A.Donkor Maternity Home,3
Ashanti,Obuasi Diagnostic Clinic,3
Ashanti,Oforikrom Clinic,3
Ashanti,Precise Specialist Clinic Limited,3
Ashanti,Shalom Maternity Home,3
Ashanti,Roph Health Centre,3
Ashanti,St Helena Maternity - Asokwa,3
Ashanti,Royal Place Hospital And Maternity Home,3
Ashanti,Skantex Ultrasound Centre,3
Ashanti,Nkawie Clinic,3
Ashanti,Spekks Eye Centre,3
Ashanti,Nahge Clinic,3
Ashanti,Nan Frema Maternity Home,3
Ashanti,Multi Clinic,3
Ashanti,Nyama Maternity Home,3
Ashanti,Redhill Medical Centre,3
Ashanti,Westphalian Eye Clinic,3
Ashanti,Unique Care Maternity Home,3
Ashanti,White - Star Dental Clinic,3
Ashanti,Victory Maternity Home,3
Ashanti,Victory In Christ Maternity Home,3
Ashanti,The Queen Maternity Home,3
Ashanti,Peace Land Clinic,3
Ashanti,Peace And Comfort Maternity Home,3
Ashanti,Pope John Paul Ii Medical Centre,3
Ashanti,St Vincents Clinic,3
Ashanti,St Augustines Clinic,3
Ashanti,Na - Charl Clinic,3
Ashanti,Aninwaa Medical Centre Anex,3
Ashanti,Quality Care Clinic,3
Ashanti,Magazine Clinic,3
Ashanti,Moshe Zongo Clinic,3
Ashanti,Amoah Memorial Clinic,3
Ashanti,Akokoaso Health Centre,3
Ashanti,Emmanuel Medical Centre,3
Ashanti,Jobert Clinic,3
Ashanti,Jomo Medical Centre Adum (Annex),3
Ashanti,Kumasi Dental Clinic,3
Ashanti,Juaben Clinic,3
Ashanti,Graceland Clinic Annex,3
Ashanti,Hope Clinic Amoamang,3
Ashanti,Luhaki Medical Centre,3
Ashanti,Evant Specialist Clinic,3
Ashanti,Abenkyiman Clinic,3
Ashanti,Yaa Afriyie Memorial Clinic And Maternity Home,3
Ashanti,Agape Medical Centre,3
Ashanti,Anyimens Maternity Home,3
Ashanti,Bomso Clinic,3
Ashanti,Premium Quality Clinic,3
Ashanti,Blessed Child Maternity Home,3
Ashanti,Bantama Health And Maternity Home,3
Ashanti,Wellpoint Medical Centre,3
Ashanti,Manwere Medical Centre,3
Ashanti,St Anthony'S Clinic,3
Ashanti,Amoah Agyeman Memorial Medical And Dig Cen,3
Ashanti,Three Stones Health Service,3
Ashanti,Meduma Clinic/Maternity Home,3
Ashanti,Dove - J Health Organisation,3
Ashanti,Calvary Health Services,3
Ashanti,Quality Health Care Limited,3
Ashanti,Frimpong Boateng Medical Ltd,3
Ashanti,Amamata Memorial Mat Home,3
Ashanti,Baby Peal Mat. Home,3
Ashanti,Sister Philipa Marernity Home,3
Ashanti,Roseth Community Eye Care,3
Ashanti,Proffssional Medics,3
Ashanti,Marie Stopes International,3
Ashanti,Marie Stopes International,3
Ashanti,Roseth Community Eye Care,3
Ashanti,Adom Mmoroso Mat Home,3
Ashanti,Royal Lewuze Medical,3
Ashanti,Owusuwaa Memorial,3
Ashanti,Ghana Adventist Health Services,3
Ashanti,Mckenzie Specialist Health Service,3
Ashanti,Ananse Offionsoman Specialist,3
Ashanti,Akropong Mat Home,3
Ashanti,Akomaa Memorial S D A,3
Ashanti,Ernest Medical Center,3
Ashanti,Ahodwo New Cross,3
Ashanti,Awuradze Mat Home,3
Ashanti,Total Grace Wellness Center,3
Ashanti,Bekamas Medilab,3
Ashanti,Gary Maruin Memorial,3
Ashanti,Florence Mat Home,3
Ashanti,Maakro Community,3
Ashanti,Maame Rose Mat Home,3
Ashanti,Holy Rosary Mat Home,3
Ashanti,Qualty Health Care,3
Ashanti,Madonna Health Service,3
Ashanti,Keffam Health Services,3
Ashanti,Emena Diagnostic Center,3
Ashanti,Metro Health Services,3
Ashanti,Kwakwa Ampadu Memorial,3
Ashanti,Ayiwa Memorial Mat. Home,3
Ashanti,Comfort Mat Home,3
Ashanti,Eye Awurade Mat Home,3
Ashanti,St John'S Asempa,3
Ashanti,Divine Mercy Health Service,3
Ashanti,Sis Phillipah Mat Home,3
Ashanti,Nana Afua Kobi,3
Ashanti,Trinity Health Care,3
Ashanti,Majero Matetrnity,3
Ashanti,God Is Able Sepaase,3
Ashanti,Huttel Health & Development,3
Ashanti,Jilf Health Services,3
Ashanti,Opengates Health Services,3
Ashanti,Right Care Health Services Ltd,3
Ashanti,Vibro Maternityu Home,3
Ashanti,Hands Of God Health Services,3
Ashanti,St Peters Health Care,3
Ashanti,Gloryline Dental Services,3
Ashanti,St Micheal'S Hospital-Pramso,3
Ashanti,Saqs Healthcare Services,3
Ashanti,Foundation Human Nuture,3
Ashanti,Divine Netcare Hospital-Kronom Kyerase,3
Ashanti,Ahwene Memprial Hospital-Bekwai,3
Ashanti,Strong Eye Care-Anloga Junction Oforikrom,3
Ashanti,Ashanti Home Medicare Plus,3
Ashanti,Rods & Cones Optical And Eye Care Services,3
Ashanti,Newhorns Consult Limited,3
Greater Accra,Kemet Hospital,2
Greater Accra,Trinity Community Hospital,2
Greater Accra,Anthon Memorial Hospital,2
Greater Accra,Maxcure Hospital Limited,2
Greater Accra,Spintex Community Hospital,2
Greater Accra,Amoah Memorial Hospital,2
Greater Accra,Dovcat Family Hospital,2
Greater Accra,Medifem Women'S Specialist Hospital,2
Greater Accra,Otobia Memorial Hospital,2
Greater Accra,Supreme Trust Community Hospital,2
Greater Accra,Barnor Memorial Hospital,2
Greater Accra,Dangme Community Hospital,2
Greater Accra,General Family Hospital,2
Greater Accra,The Rock Hospital,2
Greater Accra,Tema Women'S Hospital,2
Greater Accra,Eden Family Hospital (Annex),2
Greater Accra,Protocol Hospital,2
Greater Accra,Family Health Hospital,2
Greater Accra,Greater Grace Hospital,2
Greater Accra,Afenyo Memorial Hospital,2
Greater Accra,Obenfo Hospital,2
Greater Accra,Mary Lucy Hospital,2
Greater Accra,Opoku Ware Hospital,2
Greater Accra,C & J Medicare Hospital,2
Greater Accra,Sape Agbo Memorial Hospital,2
Greater Accra,Royal Mmr Hospital,2
Greater Accra,Del International Hospital,2
Greater Accra,Asare Odei Hospital,2
Greater Accra,Oak Street Hospital,2
Greater Accra,Nadela Hospital,2
Greater Accra,Bemuah Royal Hospital,2
Greater Accra,Emmanuel Community Hospital,2
Greater Accra,Lapaz Community Hospital Anex,2
Greater Accra,Gailea Hospital,2
Greater Accra,Lucy Memorial Hospital,2
Greater Accra,North Legon Hospital,2
Greater Accra,Zeba Eye Hospital,2
Greater Accra,Yeboah Hospital,2
Greater Accra,International Maritime Hospital,2
Greater Accra,Airport Women Hospital,2
Greater Accra,Holy Dove Hospital,2
Greater Accra,The Rock Hospital Annex,2
Greater Accra,Genera Family Hospital Anex (Ashiaiman),2
Greater Accra,Ashaiman Cimmunity Hospital,2
Greater Accra,Lapaz Community Hospital,2
Greater Accra,Holy Care Specialist Hospital,2
Greater Accra,The Community Hospital Ashongman,2
Greater Accra,Pentecost Hospital,2
Greater Accra,Bengali Hospital Company Limited,2
Greater Accra,General Family Hospital,2
Greater Accra,Mab International Hospital,2
Greater Accra,King David Hospital,2
Greater Accra,Grace Memorial Hospital,2
Greater Accra,Desert Hospital,2
Greater Accra,Shukura Community Hospital,2
Greater Accra,Bethel Hospital,2
Greater Accra,Sinel Specialist Hospital,2
Greater Accra,Vicom Specialist Hospital,2
Greater Accra,Dora Memorial Hospital,2
Greater Accra,Lister Hospital,2
Greater Accra,Sam-J Specialist Hospital,2
Greater Accra,Jubail Specialist Hospital,2
Greater Accra,Sakumono Community Hospital,2
Greater Accra,Esidem Hospital,2
Greater Accra,Father Graham Hospital,2
Greater Accra,St Johns General Hospital Ltd,2
Greater Accra,Lighthouse Mission Hospital,2
Greater Accra,Narh - Bita Hospital,2
Greater Accra,Aba Hospital Tarkwa,2
Greater Accra,Urgent Care Hospital,2
Greater Accra,A & M Memorial Hospital,2
Greater Accra,Dangme West Hospital Complex,2
Greater Accra,Obaatanpa Women'S Hospital,2
Greater Accra,37 Military Hospital,2
Greater Accra,St Bernard Family Hospital,2
Greater Accra,Skyview Hospital,2
Greater Accra,Airport Women'S Hospital - Adenta,2
Greater Accra,Mountain View Community Hospital,2
Greater Accra,Green Lawn Hospital Limited,2
Greater Accra,C & J Medicare Hospital & Diagnostic Centre-Lashibi,2
Greater Accra,Fening Clinic,3
Greater Accra,New Crystal,3
Greater Accra,New Crystal Sservices Kakasunaka,3
Greater Accra,Adonai Maternity Home And Clinic,3
Greater Accra,Dentoc Dental Clinic,3
Greater Accra,Hamm'S Clinic,3
Greater Accra,Edumah Memorial Health Centre,3
Greater Accra,Fz Safety And Health Centre,3
Greater Accra,Bloomingdale Medical Centre,3
Greater Accra,Prime Care Medical Services Limited,3
Greater Accra,Adwoa Boatemaa Memorial Clinic,3
Greater Accra,Prilway Specialist Clinic,3
Greater Accra,Armah Memorial Health Care,3
Greater Accra,Sona Tech Medical And Diagnostic Centre,3
Greater Accra,Total House Clinic A & C Mall,3
Greater Accra,Accra Polytecnic Clinic,3
Greater Accra,Asantewaa'S Maternity Home,3
Greater Accra,Akai House Clinic,3
Greater Accra,Family Maternity And Clinic,3
Greater Accra,New Crystal Health Services Adjei-Kojo Tema,3
Greater Accra,Modern Care Clinic Limited,3
Greater Accra,Eastwing Clinic Limited,3
Greater Accra,Community Clinic & Chemist Limited,3
Greater Accra,Giesabi Maternity Home,3
Greater Accra,Lemond Medical Centre,3
Greater Accra,Bank Of Ghana,3
Greater Accra,Ashesi University Health Centre,3
Greater Accra,Ark Clinic,3
Greater Accra,Stephen Breen Memorial Clinic,3
Greater Accra,The Community Specialist Medical Centre,3
Greater Accra,Accra Kidney Clinic Limited,3
Greater Accra,St. Mina'S Clinic,3
Greater Accra,Al - Ayar Clinic And Maternity Home,3
Greater Accra,Malwin Medical And Dental Centre,3
Greater Accra,Franklyn Medical Services,3
Greater Accra,Ahamadiya Muslim Health Services,3
Greater Accra,All Faith Medical Clinic,3
Greater Accra,Boswan Health Clinic,3
Greater Accra,Gladgabe Maternity Home,3
Greater Accra,Medinet Care International,3
Greater Accra,Quantum Total Wellness Centre,3
Greater Accra,Speed Clinic,3
Greater Accra,Optimum Medical Clinic,3
Greater Accra,Ecclesia Medical Outreach Centre,3
Greater Accra,Africa Medical Centre,3
Greater Accra,Acacia Medical Centre,3
Greater Accra,Kaneshie Medical Centre,3
Greater Accra,Medi Prime Health Services,3
Greater Accra,Ghanuba Specialist Clinic,3
Greater Accra,Golden Age Medical Centre,3
Greater Accra,Prinel Medical Centre,3
Greater Accra,Kae Dental Clinic,3
Greater Accra,Peace Be Consultancy / Clinic,3
Greater Accra,E. M Ayisi Medical Center,3
Greater Accra,Kwarteng Medical Centre,3
Greater Accra,International Organization For Migration (Iom),3
Greater Accra,Franbel Clinic Limited,3
Greater Accra,Sunshine Healthcare Limited,3
Greater Accra,B & D Medical Laboratory,3
Greater Accra,Glenof Maternity And Women Clinic,3
Greater Accra,Oasis Clinic Ltd,3
Greater Accra,Alice Danso Clinic,3
Greater Accra,House Of St Francis,3
Greater Accra,E.M Medical Centre,3
Greater Accra,Tema Rabito Health Clinic,3
Greater Accra,Iran Clinic,3
Greater Accra,Noble Spring Clinic,3
Greater Accra,3M & C Health Systems,3
Greater Accra,Impact Medical And Diagnostic Centre,3
Greater Accra,Maame Kateina Memorial Health Centre,3
Greater Accra,Dua Clinic,3
Greater Accra,Health Screen Ghana Ltd,3
Greater Accra,Quality Health Clinic,3
Greater Accra,Jehovah Rapha Clinic,3
Greater Accra,Lake Side Clinic,3
Greater Accra,Atlantis Clinic,3
Greater Accra,Tema Christian Eye Centre,3
Greater Accra,Odorna Clinic,3
Greater Accra,Citadel Clinic,3
Greater Accra,Resurrection Power Maternity Home,3
Greater Accra,Vine Medical Centre,3
Greater Accra,Ghana Atomic Energy Commission Clinic,3
Greater Accra,Royal Star Clinic,3
Greater Accra,Tudu Front Line Clinic,3
Greater Accra,Health Care Network Ltd,3
Greater Accra,The Mall Clinic,3
Greater Accra,Blue Valley Specialist Medical Centre,3
Greater Accra,Sharon Maternity Home,3
Greater Accra,Cocoa Clinic,3
Greater Accra,Care First Health Services,3
Greater Accra,Steltn Family Dental Clinic,3
Greater Accra,Sweden Ghana Medical Centre,3
Greater Accra,Community Health Care And Services Ltd,3
Greater Accra,Rapid Health Care Maternity Home,3
Greater Accra,The Brain Clinic,3
Greater Accra,Medi - Moses Clinic And Herbal Centre,3
Greater Accra,Bj Medical Centre Limited,3
Greater Accra,Cedars Medical Centre Limited,3
Greater Accra,Vra Clinic (Osu),3
Greater Accra,Construtora O. A. S Clinic,3
Greater Accra,New Crystal Health Services (Ashaiman),3
Greater Accra,New Crystal Health Services (Adjei Kojo),3
Greater Accra,Nyaho Medical Centre,3
Greater Accra,Edith'S Maternity Home Annex,3
Greater Accra,Ghana Canada Medical Centre,3
Greater Accra,Metropolitan Medical Centre Complex,3
Greater Accra,Sunrise Medical Centre,3
Greater Accra,Accra Medical Centre,3
Greater Accra,Robert Martin Children Clinic,3
Greater Accra,Royal Good Sheperd Medical Centre,3
Greater Accra,Empat - Caiqua Medical Centre,3
Greater Accra,Lizzie'S Clinic And Maternity Home,3
Greater Accra,Central Dansoman Clinic,3
Greater Accra,Royal Star Clinic & Lab Services,3
Greater Accra,Martin Memorial Maternity Home / Hospital,3
Greater Accra,Theresa'S Clinic Limited,3
Greater Accra,Samalia Clinic,3
Greater Accra,Emmanuel Eye Medical Centre,3
Greater Accra,New Eden Maternity Home,3
Greater Accra,North Labone Dental Clinic,3
Greater Accra,Suncity Medical Center,3
Greater Accra,Club Road Clinic,3
Greater Accra,Cathedral Clinic And Lab Ltd,3
Greater Accra,Total House Clinic A & C Mall,3
Greater Accra,Foresight Plus Clinic,3
Greater Accra,Excel Dental Clinic,3
Greater Accra,Damside Clinic & Maternity Home,3
Greater Accra,Ghana Post Clinic,3
Greater Accra,Megavest Medical Centre,3
Greater Accra,Mab Medicare Centre,3
Greater Accra,St Nicholas Medical Centre,3
Greater Accra,Pat'S Maternity Home,3
Greater Accra,Mechanical Lloyd Industrial Clinic,3
Greater Accra,Dela Clinic - Madina,3
Greater Accra,West African Rescue Association Clinic - Labone,3
Greater Accra,Acrecity Medics,3
Greater Accra,Bob Freeman Clinic,3
Greater Accra,Budget Medical Centre,3
Greater Accra,Robert Martin Children Clinic,3
Greater Accra,Voice Of The Lord Clinic,3
Greater Accra,Chalton Clinic,3
Greater Accra,Mercy Maternity Home,3
Greater Accra,Mercy Maternity Clinic,3
Greater Accra,Raphel Medical Centre,3
Greater Accra,Mab International Hospital-Annex,3
Greater Accra,Adam Family Maternity Home,3
Greater Accra,Zak-Med Clinic,3
Greater Accra,Mediclinic Ltd Adanta,3
Greater Accra,Mercy Ana Maternity Home,3
Greater Accra,Idmis Intergrated Diag Molecular Imaging Service Limited,3
Greater Accra,Gastrointestinal Disease And Endoscopy Centre Limited,3
Greater Accra,St Luke'S Clinic,3
Greater Accra,A& A Medlove Medical Centre Ltd,3
Greater Accra,Holy Trinity Medical Centre,3
Greater Accra,Faith Evanlisgal Mission Clinic,3
Greater Accra,Dr Eustace Akwwei Memorial Clinic,3
Greater Accra,Ga Presbytery Clinic,3
Greater Accra,Unimed Clinic,3
Greater Accra,Citadel Clinic Annex,3
Greater Accra,Knight Smile Dental Centre,3
Greater Accra,International Health Care,3
Greater Accra,Mother Love,3
Greater Accra,Seaview Clinic And Medical Laboratory,3
Greater Accra,St Anthony Clinic,3
Greater Accra,Bahia Dental Clinic,3
Greater Accra,Noth Ridge Clinic,3
Greater Accra,Godly Favoured Eye Care Centre Lapaz,3
Greater Accra,Godly Favoured Eye Care Centre Tesano,3
Greater Accra,Passion Clinic,3
Greater Accra,G T P Clinic Tema,3
Greater Accra,Kinder Paradise,3
Greater Accra,Bramuo Medical Centre,3
Greater Accra,Labadi Road Dental Clinic,3
Greater Accra,Doctors On Duty,3
Greater Accra,S&S Medical Centre,3
Greater Accra,Dome Community / Eye Clinic,3
Greater Accra,Zion Clinic And Maternity Home,3
Greater Accra,1St Foundation Clinic,3
Greater Accra,Tree Of Life Clinic,3
Greater Accra,Madley Medical Centre,3
Greater Accra,By His Grace Clinic And Mat Ernity Home,3
Greater Accra,Orbit Healthcare Services,3
Greater Accra,Trust Clinic Adenta,3
Greater Accra,Trust Clinic Tema,3
Greater Accra,Trust Clinic Sakumono,3
Greater Accra,Gak Clinic,3
Greater Accra,Pro Life Medical Centre,3
Greater Accra,Health Link,3
Greater Accra,Jesus Is Saviour Jis Health Centre,3
Greater Accra,Satellite Maternity Home,3
Greater Accra,Zoe Royal Clinic,3
Greater Accra,Josa Clinic Limited,3
Greater Accra,Obaahema Memorial Clinic,3
Greater Accra,City Of Hope Medical Complex,3
Greater Accra,Trantra Community Clinic,3
Greater Accra,All Care Medical Centre Llimited,3
Greater Accra,Marie Stopes Kokomlemle,3
Greater Accra,Marie Stopes Tema New - Town,3
Greater Accra,Marie Stopes Ashiaman,3
Greater Accra,Ankam Medical Centre Limited,3
Greater Accra,Ebenezer Clinic,3
Greater Accra,King David Medical Centre,3
Greater Accra,Dziram Eye Clinic,3
Greater Accra,Divine Grace Clinic & Maternity Home,3
Greater Accra,Efan Victory Clinic,3
Greater Accra,Kwarteng Medical Centre Limited,3
Greater Accra,Presyterian Church,3
Greater Accra,Busy Bite Limiited,3
Greater Accra,Lena Health Services,3
Greater Accra,Nyame Bekyere Mat Home,3
Greater Accra,Maranatha Health Services,3
Greater Accra,P A Health Limited,3
Greater Accra,Solis Medical Centre,3
Greater Accra,Nuffied Clinic Osu - Re,3
Greater Accra,Prince Of Peace,3
Greater Accra,Star Of Hope Medical Centre,3
Greater Accra,Samsed Medical And Healthcare Limited,3
Greater Accra,Divine Peace Maternity,3
Greater Accra,Family Health Clinic,3
Greater Accra,Philips Clinic East Cantoment,3
Greater Accra,Adenta Clinic,3
Greater Accra,All Souls Clinic,3
Greater Accra,Abunyewa Medical Clinic,3
Greater Accra,Ada Coastal Protection Clinic,3
Greater Accra,Akcess Dental Clinic And Gynaecoloyg,3
Greater Accra,Aneeja Clinic,3
Greater Accra,Paradice Diagnostic Centre,3
Greater Accra,Abodwe Clinic,3
Greater Accra,St Andrews Catholic Clinic,3
Greater Accra,Miracle Rock Medical Centre,3
Greater Accra,Aseda Maternity Home,3
Greater Accra,Ataa Quarhsie Morton,3
Greater Accra,Dkt International( Lydia Care Centre,3
Greater Accra,Rehoboth Maternity & Clinic,3
Greater Accra,Amanda'S Maternity Home,3
Greater Accra,St Andrews Clinic,3
Greater Accra,Prima Health Services Baatsona-Spentex,3
Greater Accra,Baatsona Good Sherperd Clinic,3
Greater Accra,Calvary Cross Clinic,3
Greater Accra,Aroma Dental,3
Greater Accra,Christian Professional Fellowship Clinic,3
Greater Accra,St Mary'S Maternity Home,3
Greater Accra,Keep Smiling Clinic,3
Greater Accra,Danpong Group,3
Greater Accra,Asamoa Clinic,3
Greater Accra,Centre For Neurology Medicine And Surgery,3
Greater Accra,Airport Clinic Limited,3
Greater Accra,Ababio Memorial Clinic,3
Greater Accra,Egon German,3
Greater Accra,Amaganaa Clinic,3
Greater Accra,Joy Family Health Care Santa,3
Greater Accra,Lafiya Clinic Limited,3
Greater Accra,N.M'S Dental,3
Greater Accra,Greenville Clinic,3
Greater Accra,Hajj Abdulai Yaro Memorial Clinic & Mat Home,3
Greater Accra,Ppag Care Clinic,3
Greater Accra,Nostra Klinic,3
Greater Accra,Kpone Health Center,3
Greater Accra,Sandford Wold Clinic - Kofikope,3
Greater Accra,Gloria Memorial Clinic / Maternity,3
Greater Accra,Lagoon Clinic,3
Greater Accra,Inter - Star Eye Clinic & Laser Centre,3
Greater Accra,St Mina'S Clinic - Official Town,3
Greater Accra,Atlantis Clinic,3
Greater Accra,Harmony Maternity Home,3
Greater Accra,Mark'S Dental Clinic,3
Greater Accra,Greenhouse Clinic And Diagnostic Centre,3
Greater Accra,Health Allianz Clinic Limited,3
Greater Accra,Joana Clinic,3
Greater Accra,Charisma Dental Clinic,3
Greater Accra,Asbe Dental Clinic,3
Greater Accra,Faith Medical Centre,3
Greater Accra,Coy Paediatric Clinic,3
Greater Accra,Concern Clinic,3
Greater Accra,Sanford World Clinic,3
Greater Accra,Dalton Clinic,3
Greater Accra,Mission Clinic Limited,3
Greater Accra,Ping Kang Clinic,3
Greater Accra,Iris Optometric Practice,3
Greater Accra,Maps Family Planning Centre,3
Greater Accra,Healthwise Medical Centre,3
Greater Accra,Ghana Cement Works Ghana,3
Greater Accra,Hill Top Clinic,3
Greater Accra,Mother Of God,3
Greater Accra,Mariana Clinic,3
Greater Accra,Graphic Comminication Group Limited,3
Greater Accra,Health Star Clinic,3
Greater Accra,Hajia Damata Clinic/Maternity Home,3
Greater Accra,Godia Clinic,3
Greater Accra,Midway Clinic,3
Greater Accra,Gloria Memorial Clinic / Maternity - Dansoman,3
Greater Accra,Maxbeth Maternity Home,3
Greater Accra,Mother Of Love,3
Greater Accra,Nation Bulders Maternity Home,3
Greater Accra,Mount Sinai Clinic,3
Greater Accra,M &D Clinic Limited,3
Greater Accra,Mothers Pride Clinic And Maternity Home,3
Greater Accra,Dawhenya Medical Centre,3
Greater Accra,Total Clinic (Annex) Tudu,3
Greater Accra,Total House Clinic / Adabraka,3
Greater Accra,Swanzy Medical Centre,3
Greater Accra,Swan Clinic,3
Greater Accra,Viva Children Medical,3
Greater Accra,St Florence Clinic,3
Greater Accra,Specialist Hospital & Family Planning Centre,3
Greater Accra,Sompa Medical Services,3
Greater Accra,Sos Children'S Village,3
Greater Accra,Victoria Memorial Clinic,3
Greater Accra,St Banabas Family Clinic,3
Greater Accra,Suhuyini Maternity,3
Greater Accra,Sulemana Memorial,3
Greater Accra,C And J Medicare,3
Greater Accra,Brazza Maternity,3
Greater Accra,B'S Maternity Home,3
Greater Accra,Blossom Health Care Maternity & Home,3
Greater Accra,Health Gate Clinic,3
Greater Accra,Swan Clinic,3
Greater Accra,Superior Medical Centre,3
Greater Accra,Betmis Maternity Home ( Annex),3
Greater Accra,Betmis Maternity Home,3
Greater Accra,Beth'S Clinic,3
Greater Accra,Blessings Clinic Limited,3
Greater Accra,Vebs Medical Centre,3
Greater Accra,Toppcare Clinic,3
Greater Accra,Van Medical Centre,3
Greater Accra,Unilever Clinic Tema,3
Greater Accra,Taifa Medical Centre,3
Greater Accra,Danpong Clinic,3
Greater Accra,Crystal Eye Clinic,3
Greater Accra,Claron Health International,3
Greater Accra,Sight For Africa,3
Greater Accra,Zoti Medical Centre,3
Greater Accra,Silver Springs Specialist Clinic,3
Greater Accra,New Cross Clinic,3
Greater Accra,Ecclesia Clinic,3
Greater Accra,Eme'S Maternity Home,3
Greater Accra,Royal Medical Agency,3
Greater Accra,Ecclesia Medical & Eye Centre,3
Greater Accra,St Lucia Clinic,3
Greater Accra,Hamdallah Clinic,3
Greater Accra,Shalom Medical Services,3
Greater Accra,Motorway Clinic,3
Greater Accra,Highway Dental Clinic,3
Greater Accra,Hanson Memorial Medical,3
Greater Accra,Hobats Clinic,3
Greater Accra,Opmann Clinic,3
Greater Accra,Eric Heyman Memorial Clinic,3
Greater Accra,Newstar Ear Centre,3
Greater Accra,Rose Better Maternity Home,3
Greater Accra,Oyoko Clinic,3
Greater Accra,Nyame Adom Maternity Home,3
Greater Accra,Omari Medical Centre,3
Greater Accra,Okanta Memorial Clinic,3
Greater Accra,Obeyeyie Medical Centre-Amasaman,3
Greater Accra,Leonardo Memorial Clinic,3
Greater Accra,Delta Clinic,3
Greater Accra,Hebron Maternity Home Limited,3
Greater Accra,Ayifua Clinic,3
Greater Accra,Rabenrich Maternity Home,3
Greater Accra,Rahma Maternity And Clinic,3
Greater Accra,Jubilee Maternity Home,3
Greater Accra,Jireh Eye Clinic,3
Greater Accra,Rabito Clinic-Osu,3
Greater Accra,Poku Memorial Dental Clinic,3
Greater Accra,El-Shaddai Maternity And Clinic,3
Greater Accra,Lakeview Medical Centre,3
Greater Accra,Foundation For Orthopaedics And Complex Spine(Focos),3
Greater Accra,Roph Health Centre,3
Greater Accra,Rinat Clinic Limited,3
Greater Accra,Finney Hospital And Fertility Centre,3
Greater Accra,Finger Of God,3
Greater Accra,Robert Martin Memorial Clinic Baatsona,3
Greater Accra,Seventh Day Adventist Hospital-New Gbawe,3
Greater Accra,Salem Eye Centre,3
Greater Accra,Quality Care Medical Clinic,3
Greater Accra,Esidem Medical Centre,3
Greater Accra,Port Medical Centre,3
Greater Accra,Laura'S Maternity Home,3
Greater Accra,Life Healthcare Clinic,3
Greater Accra,Labone Family Clinic,3
Greater Accra,Felidan Maternity Home,3
Greater Accra,Paradise Maternity Home,3
Greater Accra,Rejosh Women'S Clinic,3
Greater Accra,Sefam Clinic Limited,3
Greater Accra,Laricai Medical Centre,3
Greater Accra,Lebanon Community Clinic,3
Greater Accra,Dunamis Maternity Home,3
Greater Accra,St Mary'S Maternity Home,3
Greater Accra,Eye Link Clinic,3
Greater Accra,Hope Meadowe Clinic,3
Greater Accra,Resolve Medical Services,3
Greater Accra,Cerica Diagnostic Services,3
Greater Accra,Max-Mum Care Plus,3
Greater Accra,El-Bethel Maternity Home,3
Greater Accra,Grace Memorial Health Centre,3
Greater Accra,Y&B Maternity Services Limited,3
Greater Accra,Aseidu Wontumi Clinic,3
Greater Accra,Divine Group International,3
Greater Accra,African Concrete Product Limited,3
Greater Accra,Mamprobi Polyclinic,3
Greater Accra,Third Eyecare And Vision Centre Limited,3
Greater Accra,Bethesda Pool Clinic,3
Greater Accra,A C P Clinic,3
Greater Accra,St Matthews Clinic,3
Greater Accra,Medfocus International,3
Greater Accra,International Medical & Dental Clinic,3
Greater Accra,St Thomas Eye Clinic,3
Greater Accra,Darbem Clinic,3
Greater Accra,Holycross Clininc&Maternity Home,3
Greater Accra,Excutive Hearth Centre,3
Greater Accra,Brainwave Clinic,3
Greater Accra,Pama Clinic Limited,3
Greater Accra,Deko Medical Centre,3
Greater Accra,Tulako Health Centre,3
Greater Accra,Jericho Health Centre,3
Greater Accra,Erectile Dysfunction Centre Ghana,3
Greater Accra,Trinitty Healthcare Services,3
Greater Accra,Spring Health Diagnostics Limited,3
Greater Accra,Nestle Ghana Factory Clinic,3
Greater Accra,Olive Health Physicians And Surgeons Group,3
Greater Accra,Greenhills Medical Centre,3
Greater Accra,Cdh Medical Centre Limited,3
Greater Accra,Doku Memorial Clinic,3
Greater Accra,G.P.H.A Clinic,3
Greater Accra,N.I.B Clinic,3
Greater Accra,New Horizons Medical Centre,3
Greater Accra,Histolab Diagnostics Limited,3
Greater Accra,Dashen Optician Limited,3
Greater Accra,Respiratory Care & Specialist Services,3
Greater Accra,Judith Maternity Home,3
Greater Accra,Glory Prince Of Peace Maternity Home & Clinic Annex,3
Greater Accra,Shape Healthcare Limited,3
Greater Accra,3E Medical Centre Limited,3
Greater Accra,Unique Health Centre,3
Greater Accra,Kusunya Farm Clinic,3
Greater Accra,Kotoku Community Clinic,3
Greater Accra,Holy Bridge Clinic,3
Greater Accra,Sweet Love Clinic,3
Greater Accra,Sochibga Medical Laboratory,3
Greater Accra,Mighty Clinic,3
Greater Accra,God Heals Maternity,3
Greater Accra,Selifem Women'S Centre,3
Greater Accra,Resolve Medical Services (Woman 360),3
Greater Accra,Mayfair Maternity,3
Greater Accra,America Farm Community Clinic & Maternity Home,3
Greater Accra,Nova Surgery Centre,3
Greater Accra,Sight Protectors Consult Ltd,3
Greater Accra,Star Aid Clinic,3
Greater Accra,Premier Healthcare,3
Greater Accra,Metropolis Health Care,3
Greater Accra,Glosawel Health,3
Greater Accra,First Class Clinic Limited-Annex,3
Greater Accra,Nyakoa Clinic,3
Brong Ahafo,Emil Memorial Hospital,2
Brong Ahafo,Happy Hospital,2
Brong Ahafo,Star Of Hope Hospital,2
Brong Ahafo,Star Of Light Hospital,2
Brong Ahafo,St Elizabeth Catholic Hospital,2
Brong Ahafo,Ahmmadiya Muslim Hospital Techiman,2
Brong Ahafo,Ahmmadiya Muslim Hospital Mim,2
Brong Ahafo,Seventh Day Adventist Hospital,2
Brong Ahafo,Grace Hospital,2
Brong Ahafo,Jamebert Hospital,2
Brong Ahafo,Yizura Hospital Limited,2
Brong Ahafo,Owusu Memorail Hospital,2
Brong Ahafo,Mt. Olives Hospital,2
Brong Ahafo,Opoku Agyeman Hospital,2
Brong Ahafo,St Mary Hospital,2
Brong Ahafo,St John Of God Hospital,2
Brong Ahafo,Bestcare Hospital,2
Brong Ahafo,Holy Family Hospital Tachiman,2
Brong Ahafo,Holy Family Hospital - Berekum,2
Brong Ahafo,Tain District Hospital,2
Brong Ahafo,Cross Care Hospital,2
Brong Ahafo,Gapat - G Hospital,2
Brong Ahafo,A1 Hospital,2
Brong Ahafo,Banhart Hospital,2
Brong Ahafo,Amoah Mem Hospital,2
Brong Ahafo,Methodist Hospital Wenchi,2
Brong Ahafo,Shalom Hospital Limited,2
Brong Ahafo,Matthia'S Hospital,2
Brong Ahafo,Valley View Adventist Hospital,2
Brong Ahafo,Mary'S Peace Maternity Home,3
Brong Ahafo,Mili - Med Clinic And Diagnostic Services,3
Brong Ahafo,Alice Maternity Home,3
Brong Ahafo,Jeneyuone Clinic And Maternity Limited,3
Brong Ahafo,Woodland Medical Centre Limited,3
Brong Ahafo,Blessed Family Maternity Home,3
Brong Ahafo,Esther'S Maternity Home,3
Brong Ahafo,St Kyeadee Clinic,3
Brong Ahafo,Cici'S Maternity Home,3
Brong Ahafo,Akomade Clinic And Maternity,3
Brong Ahafo,Constance Maternity Home,3
Brong Ahafo,Kristo Nti Maternity Home,3
Brong Ahafo,Green Hill Clinic,3
Brong Ahafo,Grace Field Maternity,3
Brong Ahafo,Kenam Clinic,3
Brong Ahafo,Dankwa Maternity Home,3
Brong Ahafo,Amponsaa Memorial Clinic,3
Brong Ahafo,Anno Asare Memorial Clinic,3
Brong Ahafo,Blessed Gate Clinic/ Maternity Home,3
Brong Ahafo,Healthlane Clinic,3
Brong Ahafo,Larbi'S Clinic,3
Brong Ahafo,Patmos Medical Centre,3
Brong Ahafo,Nyarko Maternity,3
Brong Ahafo,Nkwa Hia Maternity,3
Brong Ahafo,Nyaase Royal Maternity Home,3
Brong Ahafo,Rafchick Clinic,3
Brong Ahafo,Saviour Maternity Home,3
Brong Ahafo,Station Clinic,3
Brong Ahafo,Aunty Joes Maternity Home,3
Brong Ahafo,Ohenewaa Memorial Clinic,3
Brong Ahafo,Agyei Mensah Memorial Maternity Home,3
Brong Ahafo,Louise Banks Griffi Clinic,3
Brong Ahafo,Miremano Maternity Home And Clinic Limited,3
Brong Ahafo,Gina Maternity Home,3
Brong Ahafo,Opoku Clinic,3
Brong Ahafo,Aggies'S Maternity Home,3
Brong Ahafo,Asuo Bomosadu Timber & Sawmill Clinic,3
Brong Ahafo,Penkwase Clinic,3
Brong Ahafo,St James Clinic,3
Brong Ahafo,St Joseph Clinic,3
Brong Ahafo,St Matthew'S Clinic,3
Brong Ahafo,Bsdu Health Centre,3
Brong Ahafo,Seikwa Health Centre,3
Brong Ahafo,Bonita Health Centre,3
Brong Ahafo,Debibi Health Centre,3
Brong Ahafo,Namasa Rural Clinic,3
Brong Ahafo,Emmavick Eye Clinic,3
Brong Ahafo,Koranteng Memorial Clinic And Maternity,3
Brong Ahafo,Sunkwa Kintampo Clinic,3
Brong Ahafo,Kofiasua Primary Healthcare Clinic Limited,3
Brong Ahafo,Boateng Specialist Clinic,3
Brong Ahafo,Apostles' Clinic And Maternity Home-Techiman,3
Brong Ahafo,Shabash Clinic,3
Brong Ahafo,St Pauls Clinic,3
Brong Ahafo,Hope For Children Rehabilitation Centre,3
Brong Ahafo,Yellow Clinic,3
Brong Ahafo,Dr Bismark Owusu-Fosu'S Clinic,3
Brong Ahafo,Doctors Clinic,3
Brong Ahafo,Denmida Health Service,3
Brong Ahafo,Amoako Healthcare City,3
Brong Ahafo,Ghana Red Cross Optical,3
Brong Ahafo,Afrihope Mission,3
Brong Ahafo,Anglican Health Services,3
Brong Ahafo,Ghana Red Cross Health Services,3
Brong Ahafo,Marie Stopes International,3
Brong Ahafo,Life Savers,3
Brong Ahafo,Fair View,3
Brong Ahafo,Thomas & Thomas Memorial,3
Brong Ahafo,Dexter Medical,3
Brong Ahafo,Philomina Mat Home,3
Brong Ahafo,See Well Optical,3
Brong Ahafo,Association For Integrated Developmet Medical Cen,3
Brong Ahafo,Brohani Chips Compoud,3
Brong Ahafo,Hani Chps Compond,3
Brong Ahafo,Adamu Chips Compound,3
Brong Ahafo,Afari Yeboah,3
Brong Ahafo,St Mary'S Catholic Hospital-Drobo,3
Brong Ahafo,Cross Care Clinic-Kenyase,3
Western,Redeemer Hospital,2
Western,Premier Specialist Hospital,2
Western,Madamfo Specialist Hospital,2
Western,St Mark Hospital Annex,2
Western,Tarkwa Community Hospital,2
Western,Vra Hospital,2
Western,Ahmadiya Muslim Hospital Daboase,2
Western,St Martins De Porres Hospital,2
Western,Father Thomas Alan Rooney Memorial Hospital,2
Western,Benedict Hospital,2
Western,Divine Love Hospital,2
Western,Ami Memorial Hospital,2
Western,Sam Jonah'S Hospital,2
Western,Samatex Hospital,2
Western,Rabboni Christian Hospital,2
Western,Saint Edward Specialist Hospital,2
Western,Port Hospital,2
Western,Peace & Grace Hospital,2
Western,Nagel Memorial Adventist Hospital,2
Western,Qui - Wal Hospital,2
Western,Aba Hospital,2
Western,Tarkwa Mines Hospital,2
Western,Maame Enubaale Memorial Clinic,3
Western,Allone Health Centre,3
Western,Work And Happiness Maternity Home,3
Western,John And Tess Maternity Home,3
Western,Reed Danos Medical Centre,3
Western,Osbert Maternity Home,3
Western,Coveneat Dental Clinic,3
Western,Nyame Ama Maternity Home,3
Western,Awurade Nti Maternity Home,3
Western,Benoc Clinic,3
Western,Immaculate Heart Clinic,3
Western,Peace Maternity Home,3
Western,Tarkwa Medical Occupational Health Centre,3
Western,Westley Clinic,3
Western,Florence'S Maternity Home,3
Western,Win Medical Centre & Mortuary Services,3
Western,Safe Hands Clinic & Maternity Home,3
Western,Nanabenie Memorial Health Centre,3
Western,Takoradi High Street Clinic,3
Western,Ama Dansowah Maternity Home And Clinic,3
Western,Dak Medical Centre,3
Western,West African Rescue Association Clinic - Takoradi,3
Western,Frontier Clinic Jomoro,3
Western,Our Lady Of Fatima Clinic And Maternity Home,3
Western,Jeffmans Clinic Ltd Takoradi,3
Western,Vins Clinic,3
Western,Aduana Maternity Home,3
Western,Holy Child Clinic Takoradi,3
Western,St Theresa'S Clinic,3
Western,Holy Child Health Centre Takoradi,3
Western,Gc Health Centre Limited,3
Western,Optimum Medical Clinic,3
Western,Henbaab Clinic Limited,3
Western,Tech Spring Clinic,3
Western,Anna'S Maternity Home,3
Western,Danvic Clinic,3
Western,Aseda Specialist Clinic,3
Western,Egam Clinic,3
Western,El- Shaiva Clinic,3
Western,Conerstone Specialist Clinic,3
Western,Dohamm Clinic,3
Western,Mrs Akotos Maternity Home,3
Western,Ghana Rubber Estates Limited Clinic,3
Western,Angela Memorial Catholic Clinic,3
Western,Brite Life Maternity,3
Western,Lizzy'S Maternity Home Asawinso,3
Western,The Glory Of Gods Maternity Home,3
Western,The Promise Of God Maternity Home,3
Western,Twin City Clinic,3
Western,Thy Way Maternity Home,3
Western,A B Boakazo Community Clinic,3
Western,Wset African Mills Clinic ( Wamco 2),3
Western,Vanotoo International Clinic,3
Western,Angel Clinic,3
Western,Jao Memorial Dental Clinic,3
Western,Holy Child Centre,3
Western,Holy Angels Medical Centre,3
Western,Greenshied Clinic,3
Western,Greenshied Clinic Annex,3
Western,Hilltop Clinic,3
Western,Lizzy'S Maternity Home Akaatiso,3
Western,Jemima Maternity Home,3
Western,St Paul'S Clinic,3
Western,St Joseph Maternity Home,3
Western,St Edkiard Clinic,3
Western,Saint Helier Clinic,3
Western,Nana Gyamfi Amoonu Clinic,3
Western,St Vincent De Paul Clinic,3
Western,Sycamore Medicare Centre,3
Western,Peace Clinic,3
Western,Kremlin Medical And Surgical Centre,3
Western,S Da Clinic - Dadieso,3
Western,Sda Clinic - Asawinso,3
Western,Sda Community Clinic,3
Western,Dohamm Clinic,3
Western,Takoradi Technical University Clinic,3
Western,The Church Of Pentecost Clinic,3
Western,Maggies Maternity Home,3
Western,Karis Medical Centre,3
Western,Holy Child Clinic Egyam,3
Western,3E Eye Centre,3
Western,Brebre Rural Clinic,3
Western,Health Plus Clinic,3
Western,Mercy Clinic Maternity Home,3
Western,Christ Stadard Medical & Surgical Clinic,3
Western,Joepat Clinic,3
Western,Our Lady Clinic Mat,3
Western,Dak Medical Centre,3
Western,Gat Maternity Home,3
Western,Divine Intervention Clinic,3
Western,William Wilberforce'S Memorial Clinic,3
Western,St. George Maternity Home,3
Western,Salam Clinic,3
Western,Fast Clinic,3
Western,Gemar Health Care Limited,3
Western,Alhaji Nuhu Memorial Health Care Centre,3
Western,New Crytstal Health Servicesltd (Takoradi),3
Western,Uq Specialist Medical Services Limited,3
Western,Christ Within Healthcare Consult,3
Western,Sanford World Clinics - Kojokrom,3
Western,Marie Stopes International Takoradi,3
Western,Mamudukrom Health Care,3
Western,Ghana Bauxte,3
Western,Ghacem Limited,3
Western,Divine Health Care,3
Western,New Age Medical Limited,3
Western,Christian Adcok & Sons Christain,3
Western,Owusu Yeboah Mat Home,3
Western,Abiyie God'S Grace Mat Home,3
Western,Mensin Anglogold Ashanti Ltd,3
Western,Benso Oil Palm Plantation,3
Western,West African Mills Company ( Wamco I),3
Western,University Of Mines & Technology,3
Western,Kaytess Klinik,3
Western,International Sos,3
Western,International Sos Bogoso,3
Western,My God Is Able,3
Western,Ntonsue Marternity Home,3
Western,Osskoff Smile Dental,3
Western,St Ann'S Mat. Home,3
Western,Solar Eye Center,3
Western,International Sos Wassa,3
Western,Saint George Medical Services,3
Western,Stratford Health,3
Western,Sandford World Clinics Kikam,3
Western,Church Of Pentecost Tarkwa,3
Western,Sanford World Clinics - Bokazo,3
Western,Synergy Eye Care Service,3
Western,Health Link Consulting,3
Western,Bogoso Gold Ltd (Mines Clinic),3
Central,Cost For Christ Baptist Hospital,2
Central,Holy Cross Hospital,2
Central,Otoo Memorial Hospital,2
Central,Ahmadiya Muslim Hospital - Agona Swedru,2
Central,Fynba Hospital Mankessim,2
Central,Saint Merk'S Hospital,2
Central,Great Redeemer Hospital,2
Central,St Francis Xavier Hospital,2
Central,Our Lady Of Grace Hospital,2
Central,Ben-Grace Hospital,2
Central,St Luke Catholic Hospital,2
Central,Hope Christian Hospital,2
Central,Swedru Municipakl Hospital,2
Central,Amporful Clinic,3
Central,Connies Maternity Home,3
Central,Providence Clinic And Maternity Home,3
Central,Great Yaa Asantewaa School Clinic,3
Central,Abura Clinic,3
Central,God'S Gift Maternity Home & Clinic,3
Central,Grace Mercy Maternity Home,3
Central,Eduwah Memorial Health Centre,3
Central,Hasbern Medical Centre,3
Central,Cecilia & Sammy Memorial Clinic & Maternity Home,3
Central,The Lord Is My Shepherd Maternity Home,3
Central,St Martin Health Centre,3
Central,Klimovic Memorial Clinic,3
Central,Jonof Maternity Home,3
Central,I Shall Not Die Clinic,3
Central,Dentmax Medical Centre Limited,3
Central,Godfrey Memorial Maternity Home,3
Central,First Class Clinic Limited,3
Central,Sanford World Clinic - Mankissem,3
Central,Sanford World Clinic - Kasoa,3
Central,The Saint Maternity Home & Child Care,3
Central,Connies Maternity Home,3
Central,Premium Clinic,3
Central,N' Adom Maternity Home,3
Central,Dergewa Clinic,3
Central,Akubba Memorial Clinic,3
Central,Rex Clinic And Maternity Home,3
Central,Prince Charles Clinic,3
Central,Mightycrag Maternity Home,3
Central,Celilia'S Maternity Home,3
Central,Christy'S Maternity,3
Central,Bennetts Clinic,3
Central,Good Shephed Maternity Home,3
Central,Bethel Community Clinic,3
Central,Bethel Clinic &Maternity Home Winneba,3
Central,Comprehensive Care Clinic,3
Central,Mercy Women'S Centre Mankessem,3
Central,Tantri Clinic,3
Central,St. Joe'S Clinic,3
Central,St Joseph'S Clinic Agona-Swedru,3
Central,Wesley Clinic & Maternity Home,3
Central,Joy Emmanuel Medical Centre,3
Central,Frangift Modern Clinic,3
Central,St Jude Blessing Clinic,3
Central,Margo Maternity Home,3
Central,Mamathess Maternity Home,3
Central,Premiercare Medical Centre Limited,3
Central,St Gregory Catholoc Clinic,3
Central,Shalom Global Health Centre,3
Central,Hope Clinic,3
Central,Fathia Maternity Home Limited,3
Central,Salgyin Medical Centre,3
Central,Holy Family Maternity Home,3
Central,Fausty'S Maternity Home,3
Central,The Church Of Pentecost Community Clinic,3
Central,Toppcare Clinic,3
Central,Riis County Clinic,3
Central,Mbroh Memorial Clinic & Maternity Home,3
Central,Life Sciences Medical Centre,3
Central,Becerata Maternity Home,3
Central,Royal Sefa Clinic,3
Central,Monta Clinic,3
Central,Odupong Clinic,3
Central,Ebenezer Maternity Home,3
Central,St Florence Maternity Home,3
Central,John'S Community Health Centre,3
Central,Raheem Medical Centre,3
Central,Devine Grace Clinic &Maternity Home,3
Central,Hill View Clinic Limited,3
Central,Lims Health Service,3
Central,Kasoa Community Alliance For Health Service,3
Central,St Jude Medical Center,3
Central,Nyame Tse Ase,3
Central,Benediction Health Limited,3
Central,Ocrans Mat Home,3
Central,Baiden Ghartey Memorial,3
Central,Central Kasoa Clinc,3
Central,Kad Dental Service,3
Central,Twifo Oil Palm Plantation,3
Central,Sanford World Clinics - Ghana,3
Central,Jehovah Rapha,3
Central,Doctors In Service,3
Central,Ewim Polyclinic,3
Central,Church Of Pentecost Anyanfuri,3
Central,University Of Education,3
Central,Senya Beraku Health,3
Central,Delicate Care Laboratory,3
Eastern,Rev Bidi'S Memorial Hospital,2
Eastern,St Patrick Solo Hospital,2
Eastern,S.D.A Hospital Koforidua,2
Eastern,Medicas Hospital,2
Eastern,Jubilee Hospital,2
Eastern,Agyakwa Hospital Nkawkaw,2
Eastern,The Community Hospital Akim Oda,2
Eastern,Mpraso General Hospital,2
Eastern,Kenop Care Hospital,2
Eastern,Vra Volta River Authority Hospital,2
Eastern,Hawa Memorial Hospital,2
Eastern,New Life Hospital,2
Eastern,The Community Hospital,2
Eastern,Atekyem Hospital,2
Eastern,A&B Community Hospital,2
Eastern,Topmed Hospital,2
Eastern,Bonna Clinic,3
Eastern,Amanfrom Clinic,3
Eastern,Freda Memorial Clinic,3
Eastern,Naabs Memorial Clinic,3
Eastern,El Shadai Maternity Home,3
Eastern,Patbrenda Clinic,3
Eastern,Providence Medical Centre Ltd,3
Eastern,Aggies Maternity Home,3
Eastern,Newlands Medical Centre,3
Eastern,Yesu Krom Mesical Centre,3
Eastern,Techiman Clinic,3
Eastern,Aseidu Memorial Clinic Koforidua,3
Eastern,Saviour Church Health Centre,3
Eastern,R H I Medical Centre,3
Eastern,Unity Maternity Home,3
Eastern,Live Now Clinic,3
Eastern,Cosmas - Damien Clinic,3
Eastern,Dora Maternity Home,3
Eastern,New Life Maternity Home,3
Eastern,Sunset Clinic,3
Eastern,Friendship Clinic,3
Eastern,El Shadai Maternity Home Somanya,3
Eastern,Tease Presby Health Centre,3
Eastern,Willie Kings Maternity Home,3
Eastern,Ediths Klu Private Maternity Home,3
Eastern,Sutton Clinic Limited,3
Eastern,Adweso Clinic,3
Eastern,St Therasa Clinic,3
Eastern,M. A.S Maternity Home,3
Eastern,St Lukes Medical Centre,3
Eastern,Bethel Maternity Home,3
Eastern,Alidor Maternity Home,3
Eastern,Pat Maternity Home,3
Eastern,Providence Medical Centre Ltd,3
Eastern,Koforidua Clinic,3
Eastern,Dr Asomainis Clinic,3
Eastern,Naco Lis Medical Centre,3
Eastern,Esther'S Maternity Home,3
Eastern,I& I Clinic,3
Eastern,Lydia Nyako Memorail Maternity,3
Eastern,Boafo Mobile Clinic,3
Eastern,St Anthony Maternity Home,3
Eastern,Reliance Maternity Home,3
Eastern,Comforts Maternity Home - Nketeda,3
Eastern,Hedwigs Clinic Apaaso,3
Eastern,Nornico Clinic,3
Eastern,Nya Akoma Maternity Home,3
Eastern,Healthline Medical Centre,3
Eastern,Oman Medical Centre,3
Eastern,Oframase Clinic And Mat Home,3
Eastern,Immanuel Maternity Centre,3
Eastern,E-Land Natural Health Clinic,3
Eastern,Gif Joy Maternity Home & Clinic,3
Eastern,Eunice Memorial Clinic,3
Eastern,Selomass Health Centre,3
Eastern,Gyedi Clinic,3
Eastern,Akuapem North Community Health Centre,3
Eastern,One Stop Outpatient Clinic,3
Eastern,Standard Care Clinc,3
Eastern,Sibakongeneral Medical And Wellnes,3
Eastern,G.C.D.G.L,3
Eastern,The New Shepherd Martenity Home,3
Eastern,Newjoy Medical Center,3
Eastern,Marie Stopes Int Koforidua,3
Eastern,Ados Mat And Family Health,3
Eastern,Holy Horniel,3
Eastern,Abetifi Presby,3
Eastern,Healing For Africa Missions,3
Eastern,International Sos New Abirem,3
Eastern,Ekye Presbyterian Health,3
Eastern,Better Life Family Plannig,3
Eastern,Abundant Life Health Services,3
Eastern,New Life Somanya,3
Eastern,G-Life Medical Laboratory,3
Eastern,Destiny Amegbey,3
Volta,Time And Chance Hospital,2
Volta,Ho Royal Hospital,2
Volta,Comboni Hospital,2
Volta,Central Aflao Hospital,2
Volta,St Patrack Hospital,2
Volta,St Josephs Catholic Hospital,2
Volta,St Anthony Hospital,2
Volta,Matty'S Maternity Home,3
Volta,Miracle Life Clinic,3
Volta,Prolife Maternity Home,3
Volta,New Seed International Clinic,3
Volta,M. Adom Maternity Home,3
Volta,J'S Eye To Eye Clinic Ltd,3
Volta,Crown Maternity Home,3
Volta,Lebene Clinic,3
Volta,Koni Health Centre,3
Volta,Kafui Maternity Home,3
Volta,Finlandia Clinic,3
Volta,Foresight Medical Centre,3
Volta,Dr Bawiah Clinic,3
Volta,Meter Ecclesale Clinic,3
Volta,Sefe Clinic,3
Volta,Mercicful Clinic,3
Volta,Biodun Maternity. Eye Clinic,3
Volta,Hoggar Clinic Limited,3
Volta,Nancy'S Maternity Home,3
Volta,Nissi Maternity Home,3
Volta,Kpassa Maternity Home,3
Volta,Innochrist Passion Clinic,3
Volta,Pentecost Clinic Kpassa,3
Volta,St John S Clinic Hospital,3
Volta,New Light Clinic,3
Volta,St Paul'S Clinic Annex,3
Volta,Xornam Medical Centre,3
Volta,Meldak Ultrasound Diagnostic Centre,3
Volta,Kopah Clinic,3
Volta,Life For The Living Medical Centre,3
Volta,Cuniberto Clinic /Maternity Home,3
Volta,Cedar Medical Centre,3
Volta,Family Community Clinic Limited,3
Volta,Dzodze Ghana Mission Clinic,3
Volta,Bueman Health Centre,3
Volta,Afia Clinic International,3
Volta,Green Leaf,3
Volta,Holy Triinity Spa,3
Volta,International Health Development,3
Volta,Gisela Memorial Mat Home,3
Volta,Enyos Mat Home,3
Volta,Good Shephered Marternity,3
Volta,Jehovah Rapha,3
Volta,Ho Polyclinic,3
Volta,Emmanuel Kedi Healthcare Limited,3
Volta,Das Medical Services,3
Volta,Sacred Heart Catholic Hospital-Abor,3
Volta,St Francisclinic,3
Northern,Ali - Shifaa Hospital,2
Northern,Faith Community Hospital,2
Northern,God Cares Community Hospital (Tamale),2
Northern,Kabsad Scientific Hospital (Watherston Res. Tamale),2
Northern,Fuo Community Hospital (Tamale),2
Northern,Tizaa Royal Specialist Hospital,2
Northern,Universal Care Clinic,3
Northern,2 Friends Clinic / Maternity Home,3
Northern,Bunkpurugu Rabito Clinic,3
Northern,God First Maternity Home,3
Northern,Bruham Clinic & Maternity Home (Savelugu),3
Northern,Nasara Clinic & Maternity Home,3
Northern,Alaafie Medical Centre,3
Northern,Church Of Christ Mission Clinic Yendi,3
Northern,Cfgos Suglo Maternity Home (Jisonayili),3
Northern,Divine Clinic (Gambaga),3
Northern,Kadara Clinic (Lamashegu - Tamale),3
Northern,New Life Medical Lab & Clinic,3
Northern,Reverend T Tryers Memorial Clinic,3
Northern,Evergreen Maternity Home (Sawla),3
Northern,Falera Maternity Home (Tamale),3
Northern,Morden Surgical Centre,3
Northern,As - Salam Maternity Home,3
Northern,Donald Richard Memorial Health Centre,3
Northern,S.O.S Children'S Village Clinic,3
Northern,Tania Specialist Clinic (Jisonaayili -Tamale),3
Northern,The Kings Medical Centre (Kmc) - Bontanga - Tamale,3
Northern,Tina'S Clinic & Maternity Home (Buipe),3
Northern,Precious Life Clinic (Salaga),3
Northern,Rabito Clinic,3
Northern,Mma Lucia'S Clinic & Maternity Home,3
Northern,Newlife Medical Centre,3
Northern,Dezembella Rural Health Centre,3
Northern,Marshel Medical Centre,3
Northern,Neman Clinic,3
Northern,Baptist Medical Centre,3
Northern,As - Salam Maternity Home Annex,3
Northern,Florence Nightigale Clinic,3
Northern,Nsungna Health Centre,3
Northern,Usrat Medical Centre,3
Northern,Saboba Clinic,3
Northern,Kuga Community Maternity Clinic,3
Northern,Hajj Abdei-Kadiri'S Scientific Clinic & Nursingagency,3
Northern,Mansusu Clinic,3
Upper West,University For Development Studies Hospital,2
Upper West,St Joseph'S Hospital,2
Upper West,St Theresa'S Hospital,2
Upper West,Homeland Clinic,3
Upper West,Progress Maternity Home,3
Upper West,St Gregory Health Centre,3
Upper West,St Martin De Pores Clinic,3
Upper West,Virtue Medical Centre,3
Upper West,Immaculate Conception Health Centre,3
Upper West,S. D. A Clinic (Wa),3
Upper West,St. Ignatius Health Clinic,3
Upper West,Queen Of Peace Clinic,3
Upper West,Samuel Seidu Memorial Clinic,3
Upper West,St. John'S Health Centre,3
Upper West,Mama Mary'S Maternity & Clinic,3
Upper West,Muslim Community Clinic,3
Upper West,Ahmadiyya Muslim Clinic - Kaleo,3
Upper West,Our Lady Of Loudes Clinic,3
Upper West,St Stella'S Health Centre Karni Wa,3
Upper West,St Gehard Health Centre Fielmuo,3
Upper West,All Staint'S Health Centre,3
Upper West,Hajia Bafatu Alhassa Clinic,3
Upper West,Good Shepherd Math & Clinic,3
Upper West,St Paul'S Health Centre,3
Upper West,Our Lady Of Nativity Health Centre,3
Upper West,St Mary'S Clinic,3
Upper West,St Christopher Clinic,3
Upper West,St Evarist Health Centre,3
Upper West,Messiah Health Restoration Centre,3
Upper West,Zaaato Clinic,3
Upper West,Staff Of Hope Clinic,3
Upper West,Ghana Red Cross Health Services Wa,3
Upper West,Hena Medicals Company Limited,3
Upper West,Kanyiri Maternity/Clinic,3
Upper West,Bliss Eye Care,3
Upper West,Bill Clnical Laboratory,3
Upper East,Amiah Hospital,2
Upper East,Asankunde Memorial Hospital,2
Upper East,Wiidi Vineyard Hospital,2
Upper East,La Paiax Medical Centre,3
Upper East,St. Benedik Medical Centre,3
Upper East,Wedam Medical Centre,3
Upper East,Dan New Life Health Centre,3
Upper East,Greater Light Clinic,3
Upper East,Garu Presbyterian Health Centre,3
Upper East,Fuseini Clinic,3
Upper East,Fame Clinic (Benwoko),3
Upper East,Ever Joy Clinic,3
Upper East,Gossip Clinic,3
Upper East,Case Medical Centre,3
Upper East,Asungtaba Health Centre,3
Upper East,Ayamfooya Memorial Clinic (Kongo),3
Upper East,Afrikids Medical Centre,3
Upper East,Woriyanga Health Centre,3
Upper East,Wisdom Star Clinic,3
Upper East,Widana Presbyterian Health Centre,3
Upper East,The Lords Clinic (Garu),3
Upper East,St Jude Clinic,3
Upper East,Salifu Memorial Clinic,3
Upper East,Quality Medical Centre,3
Upper East,Quality Medical Centre,3
Upper East,Presbyterian Eye Centre (Bolga),3
Upper East,Millenium Laafi Doog Clinic,3
Upper East,Zion Love Life Centre,3
Upper East,Winime Divine Love Clinic,3
Upper East,Azimbe Health Centre,3
Upper East,The Glory Medical Centre,3
Upper East,Akunye Memoral Clinic Pusiga - Bawku,3
Upper East,Opus Del Medical Centre Limited,3
Upper East,Ayire Clinic,3
Upper East,Goodnews Clinic,3
Upper East,Tempane Community Clinic,3
Upper East,M.A. Modern Clinic,3
Upper East,Valeria Clinic,3
Upper East,Quality Medical Centre,3
Upper East,Naaba Suguru Clinic,3
